Location,Campaign
"48083, Michigan, United States",MCD-Havens Orthodontics-Clawson
"48084, Michigan, United States",MCD-Havens Orthodontics-Clawson
"48067, Michigan, United States",MCD-Havens Orthodontics-Clawson
"48071, Michigan, United States",MCD-Havens Orthodontics-Clawson
"48073, Michigan, United States",MCD-Havens Orthodontics-Clawson
"48069, Michigan, United States",MCD-Havens Orthodontics-Clawson
"48070, Michigan, United States",MCD-Havens Orthodontics-Clawson
"48017, Michigan, United States",MCD-Havens Orthodontics-Clawson
"48009, Michigan, United States",MCD-Havens Orthodontics-Clawson
"48072, Michigan, United States",MCD-Havens Orthodontics-Clawson
"48367, Michigan, United States",MCD-Havens Orthodontics-Washington
"48065, Michigan, United States",MCD-Havens Orthodontics-Washington
"48095, Michigan, United States",MCD-Havens Orthodontics-Washington
"48306, Michigan, United States",MCD-Havens Orthodontics-Washington
"48094, Michigan, United States",MCD-Havens Orthodontics-Washington
"48005, Michigan, United States",MCD-Havens Orthodontics-Washington
"48363, Michigan, United States",MCD-Havens Orthodontics-Washington
"49640, Michigan, United States",MCD-Schulz Orthodontics-Traverse City
"49630, Michigan, United States",MCD-Schulz Orthodontics-Traverse City
"15.0|mi|4952 Skyview Court, Traverse City, MI 49684",MCD-Schulz Orthodontics-Traverse City
"49660, Michigan, United States",MCD-Schulz Orthodontics-Traverse City
"49646, Michigan, United States",MCD-Schulz Orthodontics-Traverse City
"48653, Michigan, United States",MCD-Schulz Orthodontics-Traverse City
"10.0|mi|12750 S Saginaw St, Grand Blanc, MI 48439",MCD-Orthodontic Specialists-Grand Blanc
"48334, Michigan, United States",MCD-Havens Orthodontics-Farmington
"48152, Michigan, United States",MCD-Havens Orthodontics-Farmington
"48331, Michigan, United States",MCD-Havens Orthodontics-Farmington
"48154, Michigan, United States",MCD-Havens Orthodontics-Farmington
"48335, Michigan, United States",MCD-Havens Orthodontics-Farmington
"48322, Michigan, United States",MCD-Havens Orthodontics-Farmington
"48240, Michigan, United States",MCD-Havens Orthodontics-Farmington
"48336, Michigan, United States",MCD-Havens Orthodontics-Farmington
"10.0|mi|1305 S Main St, Chelsea, MI 48118",MCD-Chelsea Orthodontics-Chelsea
"10.0|mi|214 Winston Dr, Marshall, MI 49068",MCD-Bandeen Orthodontics-Marshall
"18.0|mi|Howell Orthodontics, 207 N Michigan Ave Suite 202, Howell, MI 48843",MCD-Howell Orthodontics-Howell
"7.0|mi|4250 Pontiac Lake Rd, Waterford Twp, MI 48328",MCD-Lazarus Orthodontics-Waterford Twp
"8.0|mi|8510 N Canton Center Rd, Canton, MI 48187",MCD-Havens Orthodontics-Canton
"8.0|mi|27600 Middlebelt Rd, Farmington Hills, MI 48334",MCD-Jusino Orthodontics-Farmington Hills
"49050, Michigan, United States",MCD-Bandeen Orthodontics-Battle Creek
"49052, Michigan, United States",MCD-Bandeen Orthodontics-Battle Creek
"49094, Michigan, United States",MCD-Bandeen Orthodontics-Battle Creek
"10.0|mi|4602 Beckley Road, Battle Creek, MI 49015",MCD-Bandeen Orthodontics-Battle Creek
"49089, Michigan, United States",MCD-Bandeen Orthodontics-Battle Creek
"48336, Michigan, United States",MCD-Havens Orthodontics-Farmington
"48334, Michigan, United States",MCD-Havens Orthodontics-Farmington
"48331, Michigan, United States",MCD-Havens Orthodontics-Farmington
"48335, Michigan, United States",MCD-Havens Orthodontics-Farmington
"48152, Michigan, United States",MCD-Havens Orthodontics-Farmington
"48240, Michigan, United States",MCD-Havens Orthodontics-Farmington
"48154, Michigan, United States",MCD-Havens Orthodontics-Farmington
"48322, Michigan, United States",MCD-Havens Orthodontics-Farmington
"48042, Michigan, United States",MCD-Heights Orthodontics-Sterling Heights
"48085, Michigan, United States",MCD-Heights Orthodontics-Sterling Heights
"48313, Michigan, United States",MCD-Heights Orthodontics-Sterling Heights
"48317, Michigan, United States",MCD-Heights Orthodontics-Sterling Heights
"48310, Michigan, United States",MCD-Heights Orthodontics-Sterling Heights
"48088, Michigan, United States",MCD-Heights Orthodontics-Sterling Heights
"10.0|mi|750 Jefferson Street, Three Rivers, MI 49093",MCD-Bandeen Orthodontics-Three Rivers
"48093, Michigan, United States",MCD-Heights Orthodontics-Sterling Heights
"48098, Michigan, United States",MCD-Heights Orthodontics-Sterling Heights
"48044, Michigan, United States",MCD-Heights Orthodontics-Sterling Heights
"48312, Michigan, United States",MCD-Heights Orthodontics-Sterling Heights
"48315, Michigan, United States",MCD-Heights Orthodontics-Sterling Heights
"48038, Michigan, United States",MCD-Heights Orthodontics-Sterling Heights
"49040, Michigan, United States",MCD-Bandeen Orthodontics-Three Rivers
"48314, Michigan, United States",MCD-Heights Orthodontics-Sterling Heights
"48092, Michigan, United States",MCD-Heights Orthodontics-Sterling Heights
"48316, Michigan, United States",MCD-Heights Orthodontics-Sterling Heights
"8.0|mi|27600 Middlebelt Rd, Farmington Hills, MI 48334",MCD- Jusino Orthodontics-Farmington Hills
"10.0|mi|1305 S Main St, Chelsea, MI 48118",MCD-Chelsea Orthodontics-Chelsea
"48306, Michigan, United States",MCD- Havens Orthodontics-Washington
"48005, Michigan, United States",MCD- Havens Orthodontics-Washington
"48363, Michigan, United States",MCD- Havens Orthodontics-Washington
"48065, Michigan, United States",MCD- Havens Orthodontics-Washington
"48095, Michigan, United States",MCD- Havens Orthodontics-Washington
"48094, Michigan, United States",MCD- Havens Orthodontics-Washington
"48367, Michigan, United States",MCD- Havens Orthodontics-Washington
"48080, Michigan, United States",MCD-Havens Orthodontics-St. Clair Shores
"48230, Michigan, United States",MCD-Havens Orthodontics-St. Clair Shores
"48236, Michigan, United States",MCD-Havens Orthodontics-St. Clair Shores
"48082, Michigan, United States",MCD-Havens Orthodontics-St. Clair Shores
"48066, Michigan, United States",MCD-Havens Orthodontics-St. Clair Shores
"48045, Michigan, United States",MCD-Havens Orthodontics-St. Clair Shores
"48081, Michigan, United States",MCD-Havens Orthodontics-St. Clair Shores
"48035, Michigan, United States",MCD-Havens Orthodontics-St. Clair Shores
"10.0|mi|3910 W Centre Ave, Portage, MI 49024",MCD-Bandeen Orthodontics-Portage
"10.0|mi|12750 S Saginaw St, Grand Blanc, MI 48439",MCD-Orthodontic Specialists-Grand Blanc
"48082, Michigan, United States",MCD-Havens Orthodontics-St. Clair Shores
"48045, Michigan, United States",MCD-Havens Orthodontics-St. Clair Shores
"48066, Michigan, United States",MCD-Havens Orthodontics-St. Clair Shores
"48035, Michigan, United States",MCD-Havens Orthodontics-St. Clair Shores
"48236, Michigan, United States",MCD-Havens Orthodontics-St. Clair Shores
"48081, Michigan, United States",MCD-Havens Orthodontics-St. Clair Shores
"48080, Michigan, United States",MCD-Havens Orthodontics-St. Clair Shores
"48230, Michigan, United States",MCD-Havens Orthodontics-St. Clair Shores
"10.0|mi|214 Winston Dr, Marshall, MI 49068",MCD-Bandeen Orthodontics-Marshall
"10.0|mi|750 Jefferson Street, Three Rivers, MI 49093",MCD-Bandeen Orthodontics-Three Rivers
"49040, Michigan, United States",MCD-Bandeen Orthodontics-Three Rivers
"49660, Michigan, United States",MCD-Schulz Orthodontics-Traverse City
"49646, Michigan, United States",MCD-Schulz Orthodontics-Traverse City
"49640, Michigan, United States",MCD-Schulz Orthodontics-Traverse City
"49630, Michigan, United States",MCD-Schulz Orthodontics-Traverse City
"48653, Michigan, United States",MCD-Schulz Orthodontics-Traverse City
"7.0|mi|4250 Pontiac Lake Rd, Waterford Twp, MI 48328",MCD-Lazarus Orthodontics-Waterford Twp
"49089, Michigan, United States",MCD-Bandeen Orthodontics-Battle Creek
"49050, Michigan, United States",MCD-Bandeen Orthodontics-Battle Creek
"49094, Michigan, United States",MCD-Bandeen Orthodontics-Battle Creek
"49052, Michigan, United States",MCD-Bandeen Orthodontics-Battle Creek
"10.0|mi|4602 Beckley Road, Battle Creek, MI 49015",MCD-Bandeen Orthodontics-Battle Creek
"48085, Michigan, United States",MCD-Heights Orthodontics-Sterling Heights
"48313, Michigan, United States",MCD-Heights Orthodontics-Sterling Heights
"48042, Michigan, United States",MCD-Heights Orthodontics-Sterling Heights
"48038, Michigan, United States",MCD-Heights Orthodontics-Sterling Heights
"48098, Michigan, United States",MCD-Heights Orthodontics-Sterling Heights
"48088, Michigan, United States",MCD-Heights Orthodontics-Sterling Heights
"48312, Michigan, United States",MCD-Heights Orthodontics-Sterling Heights
"48044, Michigan, United States",MCD-Heights Orthodontics-Sterling Heights
"48093, Michigan, United States",MCD-Heights Orthodontics-Sterling Heights
"48092, Michigan, United States",MCD-Heights Orthodontics-Sterling Heights
"48317, Michigan, United States",MCD-Heights Orthodontics-Sterling Heights
"48314, Michigan, United States",MCD-Heights Orthodontics-Sterling Heights
"48315, Michigan, United States",MCD-Heights Orthodontics-Sterling Heights
"48310, Michigan, United States",MCD-Heights Orthodontics-Sterling Heights
"48316, Michigan, United States",MCD-Heights Orthodontics-Sterling Heights
"48070, Michigan, United States",MCD-Havens Orthodontics-Clawson
"48072, Michigan, United States",MCD-Havens Orthodontics-Clawson
"48009, Michigan, United States",MCD-Havens Orthodontics-Clawson
"48084, Michigan, United States",MCD-Havens Orthodontics-Clawson
"48073, Michigan, United States",MCD-Havens Orthodontics-Clawson
"48017, Michigan, United States",MCD-Havens Orthodontics-Clawson
"48071, Michigan, United States",MCD-Havens Orthodontics-Clawson
"48083, Michigan, United States",MCD-Havens Orthodontics-Clawson
"48067, Michigan, United States",MCD-Havens Orthodontics-Clawson
"48069, Michigan, United States",MCD-Havens Orthodontics-Clawson
"10.0|mi|3910 W Centre Ave, Portage, MI 49024",MCD-Bandeen Orthodontics-Portage
"18.0|mi|Howell Orthodontics, 207 N Michigan Ave Suite 202, Howell, MI 48843",MCD-Howell Orthodontics-Howell
"8.0|mi|8510 N Canton Center Rd, Canton, MI 48187",MCD- Havens Orthodontics-Canton
